{"cameraMode":{"drawMode":0,"name":"Shaded","section":"Shading Mode"},"sceneLighting":true,"audioPlay":false,"sceneViewState":{"showFog":true,"showMaterialUpdate":false,"showSkybox":true,"showFlares":true,"showImageEffects":true,"showParticleSystems":true},"in2DMode":false,"pivot":{"x":-24.01119041442871,"y":26.712003707885743,"z":46.936195373535159},"rotation":{"x":0.020243046805262567,"y":0.9689719676971436,"z":-0.23128758370876313,"w":0.08480775356292725},"size":4.196857929229736,"orthographic":false}