{"cameraMode":{"drawMode":0,"name":"Shaded","section":"Shading Mode"},"sceneLighting":true,"audioPlay":false,"sceneViewState":{"showFog":true,"showMaterialUpdate":false,"showSkybox":true,"showFlares":true,"showImageEffects":true,"showParticleSystems":true},"in2DMode":false,"pivot":{"x":-25.697507858276368,"y":26.150129318237306,"z":46.26448059082031},"rotation":{"x":0.062046539038419726,"y":0.937409520149231,"z":-0.22524061799049378,"w":0.25822606682777407},"size":5.608058929443359,"orthographic":false}