{"cameraMode":{"drawMode":0,"name":"Shaded","section":"Shading Mode"},"sceneLighting":true,"audioPlay":false,"sceneViewState":{"showFog":true,"showMaterialUpdate":false,"showSkybox":true,"showFlares":true,"showImageEffects":true,"showParticleSystems":true},"in2DMode":false,"pivot":{"x":-67.64469146728516,"y":3.665043592453003,"z":5.27632474899292},"rotation":{"x":-0.03907562792301178,"y":0.9551945328712463,"z":-0.25390759110450747,"w":-0.14700157940387727},"size":245.06646728515626,"orthographic":false}