{"cameraMode":{"drawMode":0,"name":"Shaded","section":"Shading Mode"},"sceneLighting":true,"audioPlay":false,"sceneViewState":{"showFog":true,"showMaterialUpdate":false,"showSkybox":true,"showFlares":true,"showImageEffects":true,"showParticleSystems":true},"in2DMode":false,"pivot":{"x":-37.31406021118164,"y":29.15913200378418,"z":46.48890686035156},"rotation":{"x":-0.17914259433746339,"y":0.820517897605896,"z":-0.39666929841041567,"w":-0.3705611228942871},"size":62.939144134521487,"orthographic":false}