{"cameraMode":{"drawMode":0,"name":"Shaded","section":"Shading Mode"},"sceneLighting":false,"audioPlay":false,"sceneViewState":{"showFog":true,"showMaterialUpdate":false,"showSkybox":false,"showFlares":true,"showImageEffects":true,"showParticleSystems":true},"in2DMode":false,"pivot":{"x":-22.885276794433595,"y":27.190345764160158,"z":47.734806060791019},"rotation":{"x":-0.10363814234733582,"y":0.8871457576751709,"z":-0.2429574429988861,"w":-0.3784291446208954},"size":3.503380060195923,"orthographic":false}